{
  "version": "6.0",
  "nxVersion": "19.8.0",
  "deps": {
    "@fortawesome/fontawesome-free": "^6.6.0",
    "@fortawesome/fontawesome-svg-core": "^6.6.0",
    "@fortawesome/free-brands-svg-icons": "^6.6.0",
    "@fortawesome/free-regular-svg-icons": "^6.6.0",
    "@fortawesome/free-solid-svg-icons": "^6.6.0",
    "@fortawesome/vue-fontawesome": "^3.0.8",
    "@vueuse/core": "^11.1.0",
    "flatpickr": "^4.6.13",
    "react": "^18.2.0",
    "react-dom": "^18.2.0",
    "vue": "^3.3.4",
    "vue-i18n": "^10.0.3",
    "vue-router": "^4.4.5",
    "@eslint/js": "^9.8.0",
    "@nx/cypress": "19.8.0",
    "@nx/eslint": "19.8.0",
    "@nx/eslint-plugin": "19.8.0",
    "@nx/js": "19.8.0",
    "@nx/storybook": "19.8.0",
    "@nx/vite": "19.8.0",
    "@nx/vue": "19.8.0",
    "@nx/web": "19.8.0",
    "@nx/workspace": "19.8.0",
    "@storybook/addon-essentials": "^8.2.8",
    "@storybook/addon-interactions": "^8.2.8",
    "@storybook/core-server": "^8.2.8",
    "@storybook/jest": "^0.2.3",
    "@storybook/test-runner": "^0.19.1",
    "@storybook/testing-library": "^0.2.2",
    "@storybook/vue3": "^8.2.8",
    "@storybook/vue3-vite": "^8.2.8",
    "@swc-node/register": "~1.9.1",
    "@swc/core": "~1.5.7",
    "@swc/helpers": "~0.5.11",
    "@types/node": "18.16.9",
    "@vitejs/plugin-vue": "^4.5.0",
    "@vitest/coverage-v8": "^1.0.4",
    "@vitest/ui": "^1.3.1",
    "@vue/eslint-config-prettier": "7.1.0",
    "@vue/eslint-config-typescript": "^11.0.3",
    "@vue/test-utils": "^2.4.1",
    "autoprefixer": "10.4.13",
    "cypress": "^13.13.0",
    "eslint": "^8.57.1",
    "eslint-config-prettier": "^9.0.0",
    "eslint-plugin-cypress": "^3.5.0",
    "eslint-plugin-vue": "^9.16.1",
    "jsdom": "~22.1.0",
    "nx": "19.8.0",
    "postcss": "^8.4.47",
    "prettier": "^2.6.2",
    "sass": "1.62.1",
    "storybook": "^8.2.8",
    "tailwindcss": "3.2.7",
    "ts-node": "10.9.1",
    "typescript": "~5.5.2",
    "typescript-eslint": "^8.0.0",
    "vite": "^5.0.0",
    "vite-plugin-dts": "^4.2.2",
    "vitest": "^1.3.1",
    "vue-tsc": "^2.0.0"
  },
  "pathMappings": {
    "@ventura/ui": [
      "libs/ui/src/index.ts"
    ]
  },
  "nxJsonPlugins": [
    {
      "name": "@nx/eslint/plugin",
      "options": {
        "targetName": "lint"
      }
    },
    {
      "name": "@nx/vite/plugin",
      "options": {
        "buildTargetName": "build",
        "testTargetName": "test",
        "serveTargetName": "serve",
        "previewTargetName": "preview",
        "serveStaticTargetName": "serve-static",
        "typecheckTargetName": "typecheck"
      }
    },
    {
      "name": "@nx/cypress/plugin",
      "options": {
        "targetName": "e2e",
        "openTargetName": "open-cypress",
        "componentTestingTargetName": "component-test",
        "ciTargetName": "e2e-ci"
      }
    },
    {
      "name": "@nx/storybook/plugin",
      "options": {
        "serveStorybookTargetName": "storybook",
        "buildStorybookTargetName": "build-storybook",
        "testStorybookTargetName": "test-storybook",
        "staticStorybookTargetName": "static-storybook"
      }
    }
  ],
  "fileMap": {
    "nonProjectFiles": [
      {
        "file": ".prettierignore",
        "hash": "17085498363870782104"
      },
      {
        "file": "package-lock.json",
        "hash": "16583692523447412651"
      },
      {
        "file": ".editorconfig",
        "hash": "11532813898455409296"
      },
      {
        "file": "package.json",
        "hash": "2925772699240708217"
      },
      {
        "file": "eslint.config.js",
        "hash": "11984580647313310673"
      },
      {
        "file": ".vscode/extensions.json",
        "hash": "14244474672258854795"
      },
      {
        "file": "tsconfig.base.json",
        "hash": "14337958232471232824"
      },
      {
        "file": ".gitignore",
        "hash": "11936724905075499081"
      },
      {
        "file": "README.md",
        "hash": "7722493531586158976"
      },
      {
        "file": "vitest.workspace.ts",
        "hash": "17790581426480935240"
      },
      {
        "file": ".gitlab-ci.yml",
        "hash": "8948033790440677417"
      },
      {
        "file": ".prettierrc",
        "hash": "6820402234827505055"
      },
      {
        "file": "nx.json",
        "hash": "12660056645220015770"
      }
    ],
    "projectFileMap": {
      "frontend": [
        {
          "file": "apps/frontend/eslint.config.js",
          "hash": "13013229482460327405",
          "deps": [
            "npm:eslint-plugin-vue",
            "npm:@typescript-eslint/parser"
          ]
        },
        {
          "file": "apps/frontend/index.html",
          "hash": "9130287283836855368"
        },
        {
          "file": "apps/frontend/postcss.config.js",
          "hash": "2177279996930254774",
          "deps": [
            "ui"
          ]
        },
        {
          "file": "apps/frontend/project.json",
          "hash": "1769676396215995077"
        },
        {
          "file": "apps/frontend/src/app/App.spec.ts",
          "hash": "13771263944008277622",
          "deps": [
            "npm:@vue/test-utils",
            "npm:vue-router"
          ]
        },
        {
          "file": "apps/frontend/src/app/App.vue",
          "hash": "15957263612721468477",
          "deps": [
            "npm:vue"
          ]
        },
        {
          "file": "apps/frontend/src/app/i18n/actions/en.ts",
          "hash": "7687596402114096780"
        },
        {
          "file": "apps/frontend/src/app/i18n/actions/es.ts",
          "hash": "17464369050835769005"
        },
        {
          "file": "apps/frontend/src/app/i18n/additional-identifications/en.ts",
          "hash": "2083571761867088428"
        },
        {
          "file": "apps/frontend/src/app/i18n/additional-identifications/es.ts",
          "hash": "15201365751436821590"
        },
        {
          "file": "apps/frontend/src/app/i18n/asociation/en.ts",
          "hash": "5390663322044380910"
        },
        {
          "file": "apps/frontend/src/app/i18n/asociation/es.ts",
          "hash": "7248798334866595857"
        },
        {
          "file": "apps/frontend/src/app/i18n/contract/en.ts",
          "hash": "11100708341663165881"
        },
        {
          "file": "apps/frontend/src/app/i18n/contract/es.ts",
          "hash": "15189546638634975205"
        },
        {
          "file": "apps/frontend/src/app/i18n/home/en.ts",
          "hash": "16980977579952827625"
        },
        {
          "file": "apps/frontend/src/app/i18n/home/es.ts",
          "hash": "6730867799852102160"
        },
        {
          "file": "apps/frontend/src/app/i18n/i18n.ts",
          "hash": "13416745302641496546",
          "deps": [
            "npm:vue-i18n"
          ]
        },
        {
          "file": "apps/frontend/src/app/i18n/login/en.ts",
          "hash": "6325263299856733153"
        },
        {
          "file": "apps/frontend/src/app/i18n/login/es.ts",
          "hash": "11579246754355277632"
        },
        {
          "file": "apps/frontend/src/app/i18n/organizationLocation/en.ts",
          "hash": "888065078352755007"
        },
        {
          "file": "apps/frontend/src/app/i18n/organizationLocation/es.ts",
          "hash": "9493494486594531326"
        },
        {
          "file": "apps/frontend/src/app/i18n/payment/en.ts",
          "hash": "5114475044979707110"
        },
        {
          "file": "apps/frontend/src/app/i18n/payment/es.ts",
          "hash": "14139793773149625740"
        },
        {
          "file": "apps/frontend/src/app/i18n/permissions/create/en.ts",
          "hash": "1112088773536745977"
        },
        {
          "file": "apps/frontend/src/app/i18n/permissions/create/es.ts",
          "hash": "8856961099408308398"
        },
        {
          "file": "apps/frontend/src/app/i18n/permissions/en.ts",
          "hash": "17367662248502400011"
        },
        {
          "file": "apps/frontend/src/app/i18n/permissions/es.ts",
          "hash": "958371495480465804"
        },
        {
          "file": "apps/frontend/src/app/i18n/permissions/resolutions/en.ts",
          "hash": "2389247323278518067"
        },
        {
          "file": "apps/frontend/src/app/i18n/permissions/resolutions/es.ts",
          "hash": "5504613823320179388"
        },
        {
          "file": "apps/frontend/src/app/i18n/personal-references/en.ts",
          "hash": "17763977527522439187"
        },
        {
          "file": "apps/frontend/src/app/i18n/personal-references/es.ts",
          "hash": "10498481612978630272"
        },
        {
          "file": "apps/frontend/src/app/i18n/profile/en.ts",
          "hash": "1864645608173356544"
        },
        {
          "file": "apps/frontend/src/app/i18n/profile/es.ts",
          "hash": "4743628383393115031"
        },
        {
          "file": "apps/frontend/src/app/i18n/record/en.ts",
          "hash": "17395922130995351146"
        },
        {
          "file": "apps/frontend/src/app/i18n/record/es.ts",
          "hash": "7041056471487333643"
        },
        {
          "file": "apps/frontend/src/app/i18n/requests/detail/en.ts",
          "hash": "127840127338390112"
        },
        {
          "file": "apps/frontend/src/app/i18n/requests/detail/es.ts",
          "hash": "8781334367842964868"
        },
        {
          "file": "apps/frontend/src/app/i18n/requests/en.ts",
          "hash": "6562056377937548054"
        },
        {
          "file": "apps/frontend/src/app/i18n/requests/es.ts",
          "hash": "5299592423804487544"
        },
        {
          "file": "apps/frontend/src/app/i18n/salaries/detail/en.ts",
          "hash": "2687143804451572282"
        },
        {
          "file": "apps/frontend/src/app/i18n/salaries/detail/es.ts",
          "hash": "3347316990000450042"
        },
        {
          "file": "apps/frontend/src/app/i18n/salaries/en.ts",
          "hash": "11512278554418170693"
        },
        {
          "file": "apps/frontend/src/app/i18n/salaries/es.ts",
          "hash": "6082308010167259133"
        },
        {
          "file": "apps/frontend/src/app/i18n/time/en.ts",
          "hash": "14498555291061485698"
        },
        {
          "file": "apps/frontend/src/app/i18n/time/es.ts",
          "hash": "10292254954553195631"
        },
        {
          "file": "apps/frontend/src/app/i18n/time/records/en.ts",
          "hash": "15880828157540622525"
        },
        {
          "file": "apps/frontend/src/app/i18n/time/records/es.ts",
          "hash": "8296595419353973924"
        },
        {
          "file": "apps/frontend/src/app/i18n/titles/en.ts",
          "hash": "4255601910858510459"
        },
        {
          "file": "apps/frontend/src/app/i18n/titles/es.ts",
          "hash": "8838858723660599749"
        },
        {
          "file": "apps/frontend/src/app/i18n/vacation/approve/en.ts",
          "hash": "13269841729879892531"
        },
        {
          "file": "apps/frontend/src/app/i18n/vacation/approve/es.ts",
          "hash": "9933607161251642651"
        },
        {
          "file": "apps/frontend/src/app/i18n/vacation/create/en.ts",
          "hash": "13165519985856743518"
        },
        {
          "file": "apps/frontend/src/app/i18n/vacation/create/es.ts",
          "hash": "14502287517053318287"
        },
        {
          "file": "apps/frontend/src/app/i18n/vacation/detail/en.ts",
          "hash": "17874309434939511782"
        },
        {
          "file": "apps/frontend/src/app/i18n/vacation/detail/es.ts",
          "hash": "1177103914895591323"
        },
        {
          "file": "apps/frontend/src/app/i18n/vacation/en.ts",
          "hash": "14835580852350003693"
        },
        {
          "file": "apps/frontend/src/app/i18n/vacation/es.ts",
          "hash": "8582240532126735414"
        },
        {
          "file": "apps/frontend/src/app/i18n/vacation/request/en.ts",
          "hash": "3895959568517185682"
        },
        {
          "file": "apps/frontend/src/app/i18n/vacation/request/es.ts",
          "hash": "17345859351946101272"
        },
        {
          "file": "apps/frontend/src/app/i18n/vacation/resolutions/en.ts",
          "hash": "11221389824147438876"
        },
        {
          "file": "apps/frontend/src/app/i18n/vacation/resolutions/es.ts",
          "hash": "11444535800348320507"
        },
        {
          "file": "apps/frontend/src/app/i18n/vacation/year-report/en.ts",
          "hash": "17865712072322462591"
        },
        {
          "file": "apps/frontend/src/app/i18n/vacation/year-report/es.ts",
          "hash": "5828956869420292581"
        },
        {
          "file": "apps/frontend/src/app/pages/actions/actions.vue",
          "hash": "14637518326001963999",
          "deps": [
            "npm:vue",
            "ui"
          ]
        },
        {
          "file": "apps/frontend/src/app/pages/actions/asociation/asociation.spec.ts",
          "hash": "17974181236586404080",
          "deps": [
            "npm:@vue/test-utils",
            "npm:vue-router"
          ]
        },
        {
          "file": "apps/frontend/src/app/pages/actions/asociation/asociation.vue",
          "hash": "5660044036905211462",
          "deps": [
            "npm:vue",
            "npm:@fortawesome/vue-fontawesome"
          ]
        },
        {
          "file": "apps/frontend/src/app/pages/actions/contract/contract.spec.ts",
          "hash": "8499163492328974071",
          "deps": [
            "npm:@vue/test-utils",
            "npm:vue-router"
          ]
        },
        {
          "file": "apps/frontend/src/app/pages/actions/contract/contract.vue",
          "hash": "11261564262843359311",
          "deps": [
            "npm:vue",
            "ui"
          ]
        },
        {
          "file": "apps/frontend/src/app/pages/actions/organizationLocation/organizationLocation.spec.ts",
          "hash": "11314065710426625122",
          "deps": [
            "npm:@vue/test-utils",
            "npm:vue-router"
          ]
        },
        {
          "file": "apps/frontend/src/app/pages/actions/organizationLocation/organizationLocation.vue",
          "hash": "1668757804239874328",
          "deps": [
            "npm:vue"
          ]
        },
        {
          "file": "apps/frontend/src/app/pages/actions/payment/payment.spec.ts",
          "hash": "10321644831419695467",
          "deps": [
            "npm:@vue/test-utils",
            "npm:vue-router"
          ]
        },
        {
          "file": "apps/frontend/src/app/pages/actions/payment/payment.vue",
          "hash": "4450628181707708604",
          "deps": [
            "npm:vue",
            "ui"
          ]
        },
        {
          "file": "apps/frontend/src/app/pages/home/home.spec.ts",
          "hash": "15165282542760735144",
          "deps": [
            "npm:@vue/test-utils",
            "npm:vue-router"
          ]
        },
        {
          "file": "apps/frontend/src/app/pages/home/home.vue",
          "hash": "5879504660756161582",
          "deps": [
            "ui"
          ]
        },
        {
          "file": "apps/frontend/src/app/pages/login/login.spec.ts",
          "hash": "8499163492328974071",
          "deps": [
            "npm:@vue/test-utils",
            "npm:vue-router"
          ]
        },
        {
          "file": "apps/frontend/src/app/pages/login/login.vue",
          "hash": "18075669348641596281",
          "deps": [
            "ui",
            "npm:vue",
            "npm:vue-router"
          ]
        },
        {
          "file": "apps/frontend/src/app/pages/permissions/create/create.vue",
          "hash": "13433533986237586095",
          "deps": [
            "npm:vue",
            "ui"
          ]
        },
        {
          "file": "apps/frontend/src/app/pages/permissions/permissions.spec.ts",
          "hash": "3244421341483603138"
        },
        {
          "file": "apps/frontend/src/app/pages/permissions/permissions.vue",
          "hash": "11756785308794452822",
          "deps": [
            "npm:vue",
            "ui"
          ]
        },
        {
          "file": "apps/frontend/src/app/pages/permissions/resolutions/resolutions.vue",
          "hash": "11745334934347487550",
          "deps": [
            "npm:vue",
            "ui",
            "npm:vue-i18n"
          ]
        },
        {
          "file": "apps/frontend/src/app/pages/profile/profile.spec.ts",
          "hash": "8370083188343838048",
          "deps": [
            "npm:@vue/test-utils",
            "npm:vue-router"
          ]
        },
        {
          "file": "apps/frontend/src/app/pages/profile/profile.vue",
          "hash": "9075571364939411823",
          "deps": [
            "npm:@fortawesome/vue-fontawesome"
          ]
        },
        {
          "file": "apps/frontend/src/app/pages/record/additional-identifications/additional-identifications.spec.ts",
          "hash": "3244421341483603138"
        },
        {
          "file": "apps/frontend/src/app/pages/record/additional-identifications/additional-identifications.vue",
          "hash": "2710722733453260354",
          "deps": [
            "npm:vue"
          ]
        },
        {
          "file": "apps/frontend/src/app/pages/record/personal-references/personal-references.spec.ts",
          "hash": "6752123992778187743",
          "deps": [
            "npm:@vue/test-utils",
            "npm:vitest"
          ]
        },
        {
          "file": "apps/frontend/src/app/pages/record/personal-references/personal-references.vue",
          "hash": "3086221832730963720",
          "deps": [
            "npm:vue"
          ]
        },
        {
          "file": "apps/frontend/src/app/pages/record/record.spec.ts",
          "hash": "17015466781152157326",
          "deps": [
            "npm:@vue/test-utils",
            "npm:vitest"
          ]
        },
        {
          "file": "apps/frontend/src/app/pages/record/record.vue",
          "hash": "17248052588239718498",
          "deps": [
            "npm:vue"
          ]
        },
        {
          "file": "apps/frontend/src/app/pages/requests/detail/detail.vue",
          "hash": "12659702827172590978",
          "deps": [
            "npm:vue"
          ]
        },
        {
          "file": "apps/frontend/src/app/pages/requests/requests.vue",
          "hash": "1482233040212378214",
          "deps": [
            "npm:vue",
            "ui"
          ]
        },
        {
          "file": "apps/frontend/src/app/pages/salaries/detail/detail.vue",
          "hash": "11685634414361026576",
          "deps": [
            "npm:vue-router",
            "npm:@fortawesome/vue-fontawesome"
          ]
        },
        {
          "file": "apps/frontend/src/app/pages/salaries/salaries.spec.ts",
          "hash": "8499163492328974071",
          "deps": [
            "npm:@vue/test-utils",
            "npm:vue-router"
          ]
        },
        {
          "file": "apps/frontend/src/app/pages/salaries/salaries.vue",
          "hash": "1062451717252443708",
          "deps": [
            "npm:vue",
            "ui"
          ]
        },
        {
          "file": "apps/frontend/src/app/pages/test/test.spec.ts",
          "hash": "15165282542760735144",
          "deps": [
            "npm:@vue/test-utils",
            "npm:vue-router"
          ]
        },
        {
          "file": "apps/frontend/src/app/pages/test/test.vue",
          "hash": "17735579617564299707",
          "deps": [
            "ui",
            "npm:@fortawesome/vue-fontawesome"
          ]
        },
        {
          "file": "apps/frontend/src/app/pages/time/records/records.vue",
          "hash": "6946480013681086042",
          "deps": [
            "npm:vue",
            "ui"
          ]
        },
        {
          "file": "apps/frontend/src/app/pages/time/time.vue",
          "hash": "17980487247926486371",
          "deps": [
            "ui",
            "npm:vue"
          ]
        },
        {
          "file": "apps/frontend/src/app/pages/vacation/approve/approve.vue",
          "hash": "6519139557024177435",
          "deps": [
            "npm:vue",
            "npm:vue-router",
            "ui"
          ]
        },
        {
          "file": "apps/frontend/src/app/pages/vacation/create/create.vue",
          "hash": "14227779206469940889",
          "deps": [
            "npm:vue",
            "ui"
          ]
        },
        {
          "file": "apps/frontend/src/app/pages/vacation/detail/detail.vue",
          "hash": "17979036098711257",
          "deps": [
            "npm:vue-router"
          ]
        },
        {
          "file": "apps/frontend/src/app/pages/vacation/request/request.vue",
          "hash": "2526523538868329171",
          "deps": [
            "npm:vue",
            "ui"
          ]
        },
        {
          "file": "apps/frontend/src/app/pages/vacation/resolutions/resolutions.vue",
          "hash": "748954554879628501",
          "deps": [
            "npm:vue",
            "ui"
          ]
        },
        {
          "file": "apps/frontend/src/app/pages/vacation/vacation.spec.ts",
          "hash": "3703194628669249969",
          "deps": [
            "npm:@vue/test-utils",
            "npm:vue-router"
          ]
        },
        {
          "file": "apps/frontend/src/app/pages/vacation/vacation.vue",
          "hash": "10985216849973455476"
        },
        {
          "file": "apps/frontend/src/app/pages/vacation/year-report/year-report.vue",
          "hash": "5161244470475538474"
        },
        {
          "file": "apps/frontend/src/app/routes/router.ts",
          "hash": "14693812193641862606",
          "deps": [
            "npm:vue-router",
            "ui"
          ]
        },
        {
          "file": "apps/frontend/src/app/utils/currencyIconConfig.ts",
          "hash": "3086302713979619341"
        },
        {
          "file": "apps/frontend/src/app/utils/dateCalculator.ts",
          "hash": "13095852936843691424",
          "deps": [
            "npm:vue"
          ]
        },
        {
          "file": "apps/frontend/src/app/utils/dateUtils.ts",
          "hash": "38407761065672720"
        },
        {
          "file": "apps/frontend/src/images/logo-developers.svg",
          "hash": "16969560935752670658"
        },
        {
          "file": "apps/frontend/src/images/logo-ventura-vertical.png",
          "hash": "4935983013345008538"
        },
        {
          "file": "apps/frontend/src/images/logo-ventura.svg",
          "hash": "2449514922043792645"
        },
        {
          "file": "apps/frontend/src/main.ts",
          "hash": "9315692404595951427",
          "deps": [
            "npm:vue",
            "npm:@fortawesome/fontawesome-svg-core",
            "npm:@fortawesome/free-solid-svg-icons",
            "npm:@fortawesome/free-regular-svg-icons",
            "npm:@fortawesome/free-brands-svg-icons"
          ]
        },
        {
          "file": "apps/frontend/src/styles.scss",
          "hash": "5055487274954994673"
        },
        {
          "file": "apps/frontend/tsconfig.app.json",
          "hash": "1491049163043238686"
        },
        {
          "file": "apps/frontend/tsconfig.json",
          "hash": "17478427391722588131"
        },
        {
          "file": "apps/frontend/tsconfig.spec.json",
          "hash": "7941495890312015832"
        },
        {
          "file": "apps/frontend/vite.config.mts",
          "hash": "9868428073567892078",
          "deps": [
            "npm:vite",
            "npm:@vitejs/plugin-vue",
            "npm:@nx/vite"
          ]
        }
      ],
      "frontend-e2e": [
        {
          "file": "apps/frontend-e2e/cypress.config.ts",
          "hash": "6464884266610621078",
          "deps": [
            "npm:@nx/cypress",
            "npm:cypress"
          ]
        },
        {
          "file": "apps/frontend-e2e/eslint.config.js",
          "hash": "6846608879345281902",
          "deps": [
            "npm:eslint-plugin-cypress"
          ]
        },
        {
          "file": "apps/frontend-e2e/project.json",
          "hash": "1932028449909988342"
        },
        {
          "file": "apps/frontend-e2e/src/e2e/app.cy.ts",
          "hash": "8163115053470042687"
        },
        {
          "file": "apps/frontend-e2e/src/fixtures/example.json",
          "hash": "13882982864087580737"
        },
        {
          "file": "apps/frontend-e2e/src/support/app.po.ts",
          "hash": "5364106453863571025"
        },
        {
          "file": "apps/frontend-e2e/src/support/commands.ts",
          "hash": "7570864621153670540"
        },
        {
          "file": "apps/frontend-e2e/src/support/e2e.ts",
          "hash": "14369563060992369541"
        },
        {
          "file": "apps/frontend-e2e/tsconfig.json",
          "hash": "10574899838287769993"
        }
      ],
      "ui": [
        {
          "file": "libs/ui/.storybook/main.ts",
          "hash": "10296077633208130703",
          "deps": [
            "npm:@storybook/vue3-vite"
          ]
        },
        {
          "file": "libs/ui/.storybook/preview.ts",
          "hash": "2964832953472502256",
          "deps": [
            "npm:@storybook/vue3",
            "npm:@fortawesome/fontawesome-svg-core",
            "npm:@fortawesome/free-solid-svg-icons",
            "npm:@fortawesome/free-regular-svg-icons",
            "npm:@fortawesome/free-brands-svg-icons"
          ]
        },
        {
          "file": "libs/ui/README.md",
          "hash": "12278270776781370320"
        },
        {
          "file": "libs/ui/eslint.config.js",
          "hash": "13013229482460327405",
          "deps": [
            "npm:eslint-plugin-vue",
            "npm:@typescript-eslint/parser"
          ]
        },
        {
          "file": "libs/ui/package.json",
          "hash": "10394512743392397988"
        },
        {
          "file": "libs/ui/postcss.config.js",
          "hash": "16823699303818587740"
        },
        {
          "file": "libs/ui/project.json",
          "hash": "13171798609609806937"
        },
        {
          "file": "libs/ui/src/components/actions-dropdown/actions-dropdown.spec.ts",
          "hash": "8948294303003260910",
          "deps": [
            "npm:@vue/test-utils",
            "npm:vitest"
          ]
        },
        {
          "file": "libs/ui/src/components/actions-dropdown/actions-dropdown.vue",
          "hash": "1992359281045860748",
          "deps": [
            "npm:vue",
            "npm:@fortawesome/vue-fontawesome"
          ]
        },
        {
          "file": "libs/ui/src/components/alert/alert.spec.ts",
          "hash": "18095398978188458295",
          "deps": [
            "npm:@vue/test-utils",
            "npm:vitest"
          ]
        },
        {
          "file": "libs/ui/src/components/alert/alert.stories.ts",
          "hash": "15510779017897359954",
          "deps": [
            "npm:@storybook/vue3",
            "npm:@fortawesome/vue-fontawesome"
          ]
        },
        {
          "file": "libs/ui/src/components/alert/alert.vue",
          "hash": "2036658604456666977",
          "deps": [
            "npm:@fortawesome/vue-fontawesome"
          ]
        },
        {
          "file": "libs/ui/src/components/cards/dropdown-card/dropdown-card.spec.ts",
          "hash": "6182981831260554856",
          "deps": [
            "npm:@vue/test-utils",
            "npm:vitest"
          ]
        },
        {
          "file": "libs/ui/src/components/cards/dropdown-card/dropdown-card.stories.ts",
          "hash": "8843398542577518648",
          "deps": [
            "npm:@storybook/vue3",
            "npm:@fortawesome/vue-fontawesome"
          ]
        },
        {
          "file": "libs/ui/src/components/cards/dropdown-card/dropdown-card.vue",
          "hash": "1550123738454958489",
          "deps": [
            "npm:vue",
            "npm:@fortawesome/vue-fontawesome"
          ]
        },
        {
          "file": "libs/ui/src/components/cards/job-card/job-card.spec.ts",
          "hash": "8390184922210111980",
          "deps": [
            "npm:@vue/test-utils",
            "npm:vitest"
          ]
        },
        {
          "file": "libs/ui/src/components/cards/job-card/job-card.stories.ts",
          "hash": "9555138729108990561",
          "deps": [
            "npm:@storybook/vue3",
            "npm:@fortawesome/vue-fontawesome"
          ]
        },
        {
          "file": "libs/ui/src/components/cards/job-card/job-card.vue",
          "hash": "11642205486479698621",
          "deps": [
            "npm:@fortawesome/vue-fontawesome"
          ]
        },
        {
          "file": "libs/ui/src/components/cards/payment-card/payment-card.spec.ts",
          "hash": "7633477393885990923",
          "deps": [
            "npm:@vue/test-utils",
            "npm:vitest"
          ]
        },
        {
          "file": "libs/ui/src/components/cards/payment-card/payment-card.stories.ts",
          "hash": "3057603451212634242",
          "deps": [
            "npm:@storybook/vue3",
            "npm:@fortawesome/vue-fontawesome"
          ]
        },
        {
          "file": "libs/ui/src/components/cards/payment-card/payment-card.vue",
          "hash": "17258852167402951316",
          "deps": [
            "npm:@fortawesome/vue-fontawesome"
          ]
        },
        {
          "file": "libs/ui/src/components/cards/permit-card/permit-card.spec.ts",
          "hash": "15948714776197446843",
          "deps": [
            "npm:@vue/test-utils",
            "npm:vitest"
          ]
        },
        {
          "file": "libs/ui/src/components/cards/permit-card/permit-card.stories.ts",
          "hash": "5038865779045075737",
          "deps": [
            "npm:@storybook/vue3",
            "npm:@fortawesome/vue-fontawesome"
          ]
        },
        {
          "file": "libs/ui/src/components/cards/permit-card/permit-card.vue",
          "hash": "13505918301612483292",
          "deps": [
            "npm:@fortawesome/vue-fontawesome"
          ]
        },
        {
          "file": "libs/ui/src/components/cards/salary-card/salary-card.spec.ts",
          "hash": "7456349346188041902",
          "deps": [
            "npm:@vue/test-utils",
            "npm:vitest"
          ]
        },
        {
          "file": "libs/ui/src/components/cards/salary-card/salary-card.stories.ts",
          "hash": "14494921398277724773",
          "deps": [
            "npm:@storybook/vue3",
            "npm:@fortawesome/vue-fontawesome"
          ]
        },
        {
          "file": "libs/ui/src/components/cards/salary-card/salary-card.vue",
          "hash": "26531831834229417",
          "deps": [
            "npm:@fortawesome/vue-fontawesome"
          ]
        },
        {
          "file": "libs/ui/src/components/cards/salary-composition-card/salary-composition-card.spec.ts",
          "hash": "2518220899487560757",
          "deps": [
            "npm:@vue/test-utils",
            "npm:vitest"
          ]
        },
        {
          "file": "libs/ui/src/components/cards/salary-composition-card/salary-composition-card.stories.ts",
          "hash": "4586671975681638152",
          "deps": [
            "npm:@storybook/vue3",
            "npm:@fortawesome/vue-fontawesome"
          ]
        },
        {
          "file": "libs/ui/src/components/cards/salary-composition-card/salary-composition-card.vue",
          "hash": "15231397065832967524",
          "deps": [
            "npm:vue",
            "npm:@fortawesome/vue-fontawesome"
          ]
        },
        {
          "file": "libs/ui/src/components/clock/clock.spec.ts",
          "hash": "4435633950679596401",
          "deps": [
            "npm:@vue/test-utils"
          ]
        },
        {
          "file": "libs/ui/src/components/clock/clock.stories.ts",
          "hash": "10028814178457811145",
          "deps": [
            "npm:@storybook/vue3"
          ]
        },
        {
          "file": "libs/ui/src/components/clock/clock.vue",
          "hash": "2061910537258461066",
          "deps": [
            "npm:vue"
          ]
        },
        {
          "file": "libs/ui/src/components/dropdown-grid/dropdown-grid.spec.ts",
          "hash": "4399079639820688737",
          "deps": [
            "npm:@vue/test-utils",
            "npm:vue"
          ]
        },
        {
          "file": "libs/ui/src/components/dropdown-grid/dropdown-grid.stories.ts",
          "hash": "5757793117303554991",
          "deps": [
            "npm:@storybook/vue3"
          ]
        },
        {
          "file": "libs/ui/src/components/dropdown-grid/dropdown-grid.vue",
          "hash": "18426967343029360455",
          "deps": [
            "npm:vue",
            "npm:@vueuse/core",
            "npm:@fortawesome/vue-fontawesome"
          ]
        },
        {
          "file": "libs/ui/src/components/dropdown/dropdown.spec.ts",
          "hash": "18409910928937968191",
          "deps": [
            "npm:@vue/test-utils",
            "npm:vue"
          ]
        },
        {
          "file": "libs/ui/src/components/dropdown/dropdown.stories.ts",
          "hash": "17970289796890539653",
          "deps": [
            "npm:@storybook/vue3"
          ]
        },
        {
          "file": "libs/ui/src/components/dropdown/dropdown.vue",
          "hash": "9877042264867011431",
          "deps": [
            "npm:vue",
            "npm:@vueuse/core",
            "npm:@fortawesome/vue-fontawesome"
          ]
        },
        {
          "file": "libs/ui/src/components/filePicker/filePicker.spec.ts",
          "hash": "7312555948380309519",
          "deps": [
            "npm:vitest",
            "npm:@vue/test-utils"
          ]
        },
        {
          "file": "libs/ui/src/components/filePicker/filePicker.stories.ts",
          "hash": "11330573426985659836",
          "deps": [
            "npm:@storybook/vue3",
            "npm:@storybook/testing-library",
            "npm:@storybook/jest"
          ]
        },
        {
          "file": "libs/ui/src/components/filePicker/filePicker.vue",
          "hash": "7398751978845702922",
          "deps": [
            "npm:vue",
            "npm:@fortawesome/vue-fontawesome"
          ]
        },
        {
          "file": "libs/ui/src/components/formattabaleDateField/formattableDateField.spec.ts",
          "hash": "2573068174793834518",
          "deps": [
            "npm:@vue/test-utils"
          ]
        },
        {
          "file": "libs/ui/src/components/formattabaleDateField/formattableDateField.stories.ts",
          "hash": "1824066124823398430",
          "deps": [
            "npm:@storybook/vue3",
            "npm:vue"
          ]
        },
        {
          "file": "libs/ui/src/components/formattabaleDateField/formattableDateField.vue",
          "hash": "7505712621587793759",
          "deps": [
            "npm:vue",
            "npm:flatpickr",
            "npm:@fortawesome/vue-fontawesome",
            "npm:vue-i18n"
          ]
        },
        {
          "file": "libs/ui/src/components/inputPassword/inputPassword.spec.ts",
          "hash": "14514265220543793978",
          "deps": [
            "npm:@vue/test-utils",
            "npm:vitest",
            "npm:@fortawesome/vue-fontawesome"
          ]
        },
        {
          "file": "libs/ui/src/components/inputPassword/inputPassword.stories.ts",
          "hash": "7448921155074788930",
          "deps": [
            "npm:@storybook/vue3",
            "npm:@storybook/testing-library",
            "npm:@storybook/jest"
          ]
        },
        {
          "file": "libs/ui/src/components/inputPassword/inputPassword.vue",
          "hash": "1335260664414649910",
          "deps": [
            "npm:vue",
            "npm:@fortawesome/vue-fontawesome",
            "npm:@fortawesome/fontawesome-free"
          ]
        },
        {
          "file": "libs/ui/src/components/side-menu/side-menu.spec.ts",
          "hash": "2752031729659754733",
          "deps": [
            "npm:@vue/test-utils",
            "npm:vitest"
          ]
        },
        {
          "file": "libs/ui/src/components/side-menu/side-menu.stories.ts",
          "hash": "14095371337133023029",
          "deps": [
            "npm:@storybook/vue3"
          ]
        },
        {
          "file": "libs/ui/src/components/side-menu/side-menu.vue",
          "hash": "10125393068543998302",
          "deps": [
            "npm:vue",
            "npm:@fortawesome/vue-fontawesome"
          ]
        },
        {
          "file": "libs/ui/src/components/top-bar/top-bar.spec.ts",
          "hash": "3935017476579907641",
          "deps": [
            "npm:@vue/test-utils"
          ]
        },
        {
          "file": "libs/ui/src/components/top-bar/top-bar.vue",
          "hash": "17345551492394201560",
          "deps": [
            "npm:@fortawesome/vue-fontawesome",
            "npm:vue-i18n"
          ]
        },
        {
          "file": "libs/ui/src/fonts/Inter_18pt-Bold.ttf",
          "hash": "15431912845654684398"
        },
        {
          "file": "libs/ui/src/fonts/Inter_18pt-Light.ttf",
          "hash": "17535397100895587547"
        },
        {
          "file": "libs/ui/src/fonts/Inter_18pt-Medium.ttf",
          "hash": "15658514694113229933"
        },
        {
          "file": "libs/ui/src/fonts/Inter_18pt-Regular.ttf",
          "hash": "10847648745911464553"
        },
        {
          "file": "libs/ui/src/fonts/Inter_18pt-SemiBold.ttf",
          "hash": "42551834228948669"
        },
        {
          "file": "libs/ui/src/fonts/Mulish-Bold.ttf",
          "hash": "4490706457476671209"
        },
        {
          "file": "libs/ui/src/fonts/Mulish-Regular.ttf",
          "hash": "11080289574018796249"
        },
        {
          "file": "libs/ui/src/fonts/Mulish-SemiBold.ttf",
          "hash": "2662959700316858578"
        },
        {
          "file": "libs/ui/src/images/logo-developers.svg",
          "hash": "16969560935752670658"
        },
        {
          "file": "libs/ui/src/images/logo-ventura-vertical.png",
          "hash": "4935983013345008538"
        },
        {
          "file": "libs/ui/src/images/logo-ventura.svg",
          "hash": "2449514922043792645"
        },
        {
          "file": "libs/ui/src/index.ts",
          "hash": "12192868336534323180"
        },
        {
          "file": "libs/ui/src/layouts/auth/auth.spec.ts",
          "hash": "5389302611058365437",
          "deps": [
            "npm:@vue/test-utils"
          ]
        },
        {
          "file": "libs/ui/src/layouts/auth/auth.vue",
          "hash": "421073099883049117"
        },
        {
          "file": "libs/ui/src/layouts/main/main.spec.ts",
          "hash": "3847288197496019506",
          "deps": [
            "npm:@vue/test-utils"
          ]
        },
        {
          "file": "libs/ui/src/layouts/main/main.vue",
          "hash": "5905758194901539357",
          "deps": [
            "npm:vue"
          ]
        },
        {
          "file": "libs/ui/src/stories/button.stories.ts",
          "hash": "14359291851647829770",
          "deps": [
            "npm:@storybook/vue3"
          ]
        },
        {
          "file": "libs/ui/src/stories/inputs.stories.ts",
          "hash": "9725861198495032933",
          "deps": [
            "npm:@storybook/vue3"
          ]
        },
        {
          "file": "libs/ui/src/stories/table.stories.ts",
          "hash": "15626590648154222826",
          "deps": [
            "npm:@storybook/vue3"
          ]
        },
        {
          "file": "libs/ui/src/styles/components/alert.scss",
          "hash": "2387789362843133361"
        },
        {
          "file": "libs/ui/src/styles/components/button.scss",
          "hash": "5166838928709974544"
        },
        {
          "file": "libs/ui/src/styles/components/card.scss",
          "hash": "8823607036817735696"
        },
        {
          "file": "libs/ui/src/styles/components/icon-pill.scss",
          "hash": "12677608363504700815"
        },
        {
          "file": "libs/ui/src/styles/components/input.scss",
          "hash": "10995047604098401021"
        },
        {
          "file": "libs/ui/src/styles/components/select.scss",
          "hash": "17372641216525504594"
        },
        {
          "file": "libs/ui/src/styles/components/table.scss",
          "hash": "15262529350762341902"
        },
        {
          "file": "libs/ui/src/styles/components/textarea.scss",
          "hash": "3868292071096936707"
        },
        {
          "file": "libs/ui/src/styles/general.scss",
          "hash": "13536323798127140714"
        },
        {
          "file": "libs/ui/src/styles/ui.scss",
          "hash": "10060863880302753111"
        },
        {
          "file": "libs/ui/src/types/alert.ts",
          "hash": "2923024986288313922"
        },
        {
          "file": "libs/ui/src/types/cards/dropdown-card.ts",
          "hash": "17966013289122306935"
        },
        {
          "file": "libs/ui/src/types/cards/job-card.ts",
          "hash": "18288543774075575622"
        },
        {
          "file": "libs/ui/src/types/cards/payment-card.ts",
          "hash": "1465408127525136198"
        },
        {
          "file": "libs/ui/src/types/cards/permit-card.ts",
          "hash": "7679862634199633481"
        },
        {
          "file": "libs/ui/src/types/cards/salary-card.ts",
          "hash": "9464320366620112770"
        },
        {
          "file": "libs/ui/src/types/cards/salary-composition-card.ts",
          "hash": "12246909361398256026"
        },
        {
          "file": "libs/ui/src/types/dropdown-grid.ts",
          "hash": "366622447931856576"
        },
        {
          "file": "libs/ui/src/types/dropdown.ts",
          "hash": "14604024605344689961"
        },
        {
          "file": "libs/ui/src/types/filePicker.ts",
          "hash": "12056350726572458302"
        },
        {
          "file": "libs/ui/src/types/side-menu.ts",
          "hash": "15377180791569711278"
        },
        {
          "file": "libs/ui/src/vue-shims.d.ts",
          "hash": "10914621555383438678",
          "deps": [
            "npm:vue"
          ]
        },
        {
          "file": "libs/ui/tailwind.config.js",
          "hash": "3444796638412298284",
          "deps": [
            "npm:@nx/vue"
          ]
        },
        {
          "file": "libs/ui/tsconfig.json",
          "hash": "6498143034722969254"
        },
        {
          "file": "libs/ui/tsconfig.lib.json",
          "hash": "8200458028991980573"
        },
        {
          "file": "libs/ui/tsconfig.spec.json",
          "hash": "7941495890312015832"
        },
        {
          "file": "libs/ui/tsconfig.storybook.json",
          "hash": "1752502994897489194"
        },
        {
          "file": "libs/ui/vite.config.ts",
          "hash": "2261472563985448958",
          "deps": [
            "npm:vite",
            "npm:@vitejs/plugin-vue",
            "npm:vite-plugin-dts",
            "npm:@nx/vite"
          ]
        }
      ]
    }
  }
}