{
  "$schema": "./node_modules/nx/schemas/nx-schema.json",
  "namedInputs": {
    "default": ["{projectRoot}/**/*", "sharedGlobals"],
    "production": [
      "default",
      "!{projectRoot}/.eslintrc.json",
      "!{projectRoot}/eslint.config.js",
      "!{projectRoot}/**/?(*.)+(spec|test).[jt]s?(x)?(.snap)",
      "!{projectRoot}/tsconfig.spec.json",
      "!{projectRoot}/cypress/**/*",
      "!{projectRoot}/**/*.cy.[jt]s?(x)",
      "!{projectRoot}/cypress.config.[jt]s",
      "!{projectRoot}/**/*.stories.@(js|jsx|ts|tsx|mdx)",
      "!{projectRoot}/.storybook/**/*",
      "!{projectRoot}/tsconfig.storybook.json"
    ],
    "sharedGlobals": ["{workspaceRoot}/.gitlab-ci.yml"]
  },
  "nxCloudId": "66f2ed8d8ff39c60955243ed",
  "plugins": [
    {
      "plugin": "@nx/eslint/plugin",
      "options": {
        "targetName": "lint"
      }
    },
    {
      "plugin": "@nx/vite/plugin",
      "options": {
        "buildTargetName": "build",
        "testTargetName": "test",
        "serveTargetName": "serve",
        "previewTargetName": "preview",
        "serveStaticTargetName": "serve-static",
        "typecheckTargetName": "typecheck"
      }
    },
    {
      "plugin": "@nx/cypress/plugin",
      "options": {
        "targetName": "e2e",
        "openTargetName": "open-cypress",
        "componentTestingTargetName": "component-test",
        "ciTargetName": "e2e-ci"
      }
    },
    {
      "plugin": "@nx/storybook/plugin",
      "options": {
        "serveStorybookTargetName": "storybook",
        "buildStorybookTargetName": "build-storybook",
        "testStorybookTargetName": "test-storybook",
        "staticStorybookTargetName": "static-storybook"
      }
    }
  ],
  "targetDefaults": {
    "e2e-ci--**/*": {
      "dependsOn": ["^build"]
    },
    "build": {
      "dependsOn": ["^build"]
    },
    "build--frontend": {
      "dependsOn": ["build:ui"] 
    },
    "e2e-ci--**/*": {
      "dependsOn": ["^build"]
    }
  }
}
